,Matcher,Average precision,Average recall,Average f1
0,DecisionTree,0.9987885459625975,0.9986652367403629,0.9987268226575875
1,RF,0.9994253092871771,0.9993012119083394,0.9993632113459376
2,SVM,0.9208016462973131,0.973275992576115,0.946310971162457
3,LinReg,0.9167827806600964,0.9779119586619729,0.9463574320038688
4,LogReg,0.9411037448809999,0.9572823581995298,0.9491086561240929
