,Model,Time,Epochs,Iteration,#Training_samples,F1,Precision,Recall,AUC
0,TransOnCora,74.72000940243403,15,15,234111,0.8992186727326674,0.8649162861491628,0.9363542739443872,0.6195316196732263
1,TransOnDS,3.810694448153178,15,15,234111,0.7564976805635371,0.612469062374091,0.9890935568327937,0.891661296957019
