,Model,Time,Epochs,Iteration,#Training_samples,F1,Precision,Recall,AUC
0,TransOnCora,131.34902621507644,15,15,11322,0.815036309269543,0.7383900928792569,0.909437559580553,0.8614404469080881
1,TransOnDS,7.35283704996109,15,15,233183,0.8338343968811219,0.8352438313580727,0.8324297110990628,0.849347844971207
