,Iteration,#Training_samples,F1,Precision,Recall,AUC,Epochs,Model,Time
0,0,200,0.9492483327681701,0.9220128087831656,0.978141864347556,0.9823260805773159,15.0,activeCora_rand,7.331026979287466
1,0,240,0.9640032408657742,0.9580154135194203,0.9700663897192996,0.9849071628227777,15.0,activeCora_rand,5.068017375469208
2,0,280,0.9650893958076449,0.9578919187669713,0.9723958535543735,0.9780536571347614,15.0,activeCora_rand,5.264528099695841
3,0,320,0.9551165607023918,0.9316009006681185,0.9798501378266102,0.983154631169182,15.0,activeCora_rand,5.557500652472178
4,0,360,0.9487360857749154,0.9112819595923476,0.9894009395504135,0.9886988315518157,15.0,activeCora_rand,5.740895028909048
5,0,400,0.9611898762739272,0.9319598906107566,0.9923127693442559,0.9887792889031373,15.0,activeCora_rand,6.050046626726786
