,Iteration,#Training_samples,F1,Precision,Recall,AUC,Epochs,Model,Time
0,0,0,0.9631308342776095,0.9542087336377938,0.9722213576519655,0.958197044455287,15.0,TransActOnCora,62.36823747952779
1,0,80,0.931156978121072,0.8762299859430178,0.9934307704268056,0.940190768220657,15.0,TransActOnCora,0.44777119557062783
2,0,120,0.9573718750601412,0.948084619782733,0.966842882686776,0.9548824732750357,15.0,TransActOnCora,0.4740613261858622
3,0,160,0.9678586389428387,0.9486040609137056,0.9879110627380859,0.9662685478806649,15.0,TransActOnCora,0.4864438811937968
4,0,200,0.9692178107890808,0.9548506336753169,0.9840239446474384,0.9379725689774986,15.0,TransActOnCora,0.5049131870269775
5,0,240,0.9689154698868615,0.9499178368688378,0.9886884863562155,0.944675610429879,15.0,TransActOnCora,0.5620396296183269
