,Iteration,#Training_samples,F1,Precision,Recall,AUC,Epochs,Model,Time
0,0,40,0.7121588089330024,0.5688096122878732,0.9521044992743106,0.8161669697066625,15.0,ActTransOnCor,6.3018255988756815
1,0,80,0.8208882381649585,0.7744014732965009,0.8733125649013499,0.9259633857736974,15.0,ActTransOnCor,0.37227964798609414
2,0,120,0.8198872373141978,0.80625,0.8339937434827945,0.9194713675779933,15.0,ActTransOnCor,0.38195364475250243
3,0,160,0.8070251050533348,0.8312985571587126,0.7841289782244556,0.9073464348597206,15.0,ActTransOnCor,0.3954841732978821
4,0,200,0.8276569552728764,0.8082548587457423,0.8480134538574732,0.9265975399723707,15.0,ActTransOnCor,0.40299621820449827
5,0,240,0.8328103019153771,0.8545414168332223,0.8121570282819756,0.9339872286666372,15.0,ActTransOnCor,0.41455320914586385
